N ;K ;Answer First ;Time First ;;Answer Second ;Time Second 
18;2;The computer win;0.001;;If a person plays optimally, he will win;0
18;3;If a person plays optimally, he will win;0.001;;If a person plays optimally, he will win;0
18;4;If a person plays optimally, he will win;0.001;;If a person plays optimally, he will win;0
18;5;If a person plays optimally, he will win;0.001;;If a person plays optimally, he will win;0
18;6;If a person plays optimally, he will win;0.001;;If a person plays optimally, he will win;0
18;7;If a person plays optimally, he will win;0.006;;If a person plays optimally, he will win;0
18;8;If a person plays optimally, he will win;0.001;;If a person plays optimally, he will win;0
18;9;If a person plays optimally, he will win;0.001;;If a person plays optimally, he will win;0
18;10;If a person plays optimally, he will win;0.001;;If a person plays optimally, he will win;0
18;11;If a person plays optimally, he will win;0.001;;If a person plays optimally, he will win;0
18;12;If a person plays optimally, he will win;0.002;;If a person plays optimally, he will win;0
18;13;If a person plays optimally, he will win;0.002;;If a person plays optimally, he will win;0
18;14;If a person plays optimally, he will win;0.002;;If a person plays optimally, he will win;0.001
18;15;If a person plays optimally, he will win;0.001;;If a person plays optimally, he will win;0
18;16;If a person plays optimally, he will win;0.001;;If a person plays optimally, he will win;0
18;17;If a person plays optimally, he will win;0.001;;If a person plays optimally, he will win;0
18;18;If a person plays optimally, he will win;0.001;;If a person plays optimally, he will win;0
19;2;If a person plays optimally, he will win;0.001;;The computer win;0
19;3;If a person plays optimally, he will win;0.002;;If a person plays optimally, he will win;0
19;4;If a person plays optimally, he will win;0.002;;If a person plays optimally, he will win;0
19;5;If a person plays optimally, he will win;0.002;;If a person plays optimally, he will win;0
19;6;If a person plays optimally, he will win;0.001;;If a person plays optimally, he will win;0
19;7;If a person plays optimally, he will win;0.002;;If a person plays optimally, he will win;0
19;8;If a person plays optimally, he will win;0.001;;If a person plays optimally, he will win;0
19;9;If a person plays optimally, he will win;0.001;;If a person plays optimally, he will win;0
19;10;If a person plays optimally, he will win;0.002;;If a person plays optimally, he will win;0
19;11;If a person plays optimally, he will win;0.002;;If a person plays optimally, he will win;0
19;12;If a person plays optimally, he will win;0.002;;If a person plays optimally, he will win;0
19;13;If a person plays optimally, he will win;0.002;;If a person plays optimally, he will win;0
19;14;If a person plays optimally, he will win;0.002;;If a person plays optimally, he will win;0
19;15;If a person plays optimally, he will win;0.002;;If a person plays optimally, he will win;0
19;16;If a person plays optimally, he will win;0.003;;If a person plays optimally, he will win;0
19;17;If a person plays optimally, he will win;0.001;;If a person plays optimally, he will win;0
19;18;If a person plays optimally, he will win;0.002;;If a person plays optimally, he will win;0
19;19;If a person plays optimally, he will win;0.002;;If a person plays optimally, he will win;0.001
20;2;The computer win;0.002;;The computer win;0
20;3;The computer win;0.002;;The computer win;0
20;4;The computer win;0.002;;The computer win;0
20;5;The computer win;0.003;;The computer win;0
20;6;The computer win;0.003;;The computer win;0
20;7;The computer win;0.002;;The computer win;0
20;8;The computer win;0.009;;The computer win;0
20;9;The computer win;0.002;;The computer win;0
20;10;The computer win;0.007;;The computer win;0
20;11;The computer win;0.003;;The computer win;0
20;12;The computer win;0.003;;The computer win;0
20;13;The computer win;0.002;;The computer win;0
20;14;The computer win;0.002;;The computer win;0
20;15;The computer win;0.004;;The computer win;0
20;16;The computer win;0.003;;The computer win;0
20;17;The computer win;0.003;;The computer win;0
20;18;The computer win;0.002;;The computer win;0
20;19;The computer win;0.002;;The computer win;0
20;20;If a person plays optimally, he will win;0.002;;If a person plays optimally, he will win;0.001
21;2;If a person plays optimally, he will win;0.002;;If a person plays optimally, he will win;0
21;3;If a person plays optimally, he will win;0.003;;If a person plays optimally, he will win;0
21;4;If a person plays optimally, he will win;0.003;;If a person plays optimally, he will win;0
21;5;If a person plays optimally, he will win;0.005;;If a person plays optimally, he will win;0
21;6;If a person plays optimally, he will win;0.003;;If a person plays optimally, he will win;0
21;7;If a person plays optimally, he will win;0.004;;If a person plays optimally, he will win;0
21;8;If a person plays optimally, he will win;0.004;;If a person plays optimally, he will win;0
21;9;If a person plays optimally, he will win;0.005;;If a person plays optimally, he will win;0
21;10;If a person plays optimally, he will win;0.004;;If a person plays optimally, he will win;0
21;11;If a person plays optimally, he will win;0.005;;If a person plays optimally, he will win;0
21;12;If a person plays optimally, he will win;0.006;;If a person plays optimally, he will win;0
21;13;If a person plays optimally, he will win;0.003;;If a person plays optimally, he will win;0.001
21;14;If a person plays optimally, he will win;0.003;;If a person plays optimally, he will win;0
21;15;If a person plays optimally, he will win;0.003;;If a person plays optimally, he will win;0
21;16;If a person plays optimally, he will win;0.007;;If a person plays optimally, he will win;0
21;17;If a person plays optimally, he will win;0.003;;If a person plays optimally, he will win;0.001
21;18;If a person plays optimally, he will win;0.003;;If a person plays optimally, he will win;0
21;19;If a person plays optimally, he will win;0.003;;If a person plays optimally, he will win;0
21;20;If a person plays optimally, he will win;0.003;;If a person plays optimally, he will win;0
21;21;If a person plays optimally, he will win;0.003;;If a person plays optimally, he will win;0.001
22;2;If a person plays optimally, he will win;0.003;;If a person plays optimally, he will win;0
22;3;If a person plays optimally, he will win;0.004;;If a person plays optimally, he will win;0
22;4;If a person plays optimally, he will win;0.005;;If a person plays optimally, he will win;0
22;5;If a person plays optimally, he will win;0.007;;If a person plays optimally, he will win;0
22;6;If a person plays optimally, he will win;0.007;;If a person plays optimally, he will win;0
22;7;If a person plays optimally, he will win;0.008;;If a person plays optimally, he will win;0
22;8;If a person plays optimally, he will win;0.006;;If a person plays optimally, he will win;0
22;9;If a person plays optimally, he will win;0.006;;If a person plays optimally, he will win;0
22;10;If a person plays optimally, he will win;0.009;;If a person plays optimally, he will win;0
22;11;If a person plays optimally, he will win;0.005;;If a person plays optimally, he will win;0
22;12;If a person plays optimally, he will win;0.005;;If a person plays optimally, he will win;0
22;13;If a person plays optimally, he will win;0.006;;If a person plays optimally, he will win;0
22;14;If a person plays optimally, he will win;0.006;;If a person plays optimally, he will win;0
22;15;If a person plays optimally, he will win;0.007;;If a person plays optimally, he will win;0.001
22;16;If a person plays optimally, he will win;0.008;;If a person plays optimally, he will win;0
22;17;If a person plays optimally, he will win;0.006;;If a person plays optimally, he will win;0
22;18;If a person plays optimally, he will win;0.005;;If a person plays optimally, he will win;0
22;19;If a person plays optimally, he will win;0.005;;If a person plays optimally, he will win;0
22;20;If a person plays optimally, he will win;0.006;;If a person plays optimally, he will win;0
22;21;If a person plays optimally, he will win;0.006;;If a person plays optimally, he will win;0
22;22;If a person plays optimally, he will win;0;;If a person plays optimally, he will win;0
23;2;The computer win;0.008;;The computer win;0
23;3;If a person plays optimally, he will win;0.007;;If a person plays optimally, he will win;0
23;4;If a person plays optimally, he will win;0.009;;If a person plays optimally, he will win;0
23;5;If a person plays optimally, he will win;0.009;;If a person plays optimally, he will win;0
23;6;If a person plays optimally, he will win;0.011;;If a person plays optimally, he will win;0
23;7;If a person plays optimally, he will win;0.009;;If a person plays optimally, he will win;0
23;8;If a person plays optimally, he will win;0.012;;If a person plays optimally, he will win;0
23;9;If a person plays optimally, he will win;0.01;;If a person plays optimally, he will win;0
23;10;If a person plays optimally, he will win;0.009;;If a person plays optimally, he will win;0
23;11;If a person plays optimally, he will win;0.012;;If a person plays optimally, he will win;0
23;12;If a person plays optimally, he will win;0.012;;If a person plays optimally, he will win;0
23;13;If a person plays optimally, he will win;0.012;;If a person plays optimally, he will win;0
23;14;If a person plays optimally, he will win;0.01;;If a person plays optimally, he will win;0
23;15;If a person plays optimally, he will win;0.012;;If a person plays optimally, he will win;0
23;16;If a person plays optimally, he will win;0.01;;If a person plays optimally, he will win;0.001
23;17;If a person plays optimally, he will win;0.011;;If a person plays optimally, he will win;0.001
23;18;If a person plays optimally, he will win;0.012;;If a person plays optimally, he will win;0
23;19;If a person plays optimally, he will win;0.01;;If a person plays optimally, he will win;0
23;20;If a person plays optimally, he will win;0.011;;If a person plays optimally, he will win;0
23;21;If a person plays optimally, he will win;0.009;;If a person plays optimally, he will win;0
23;22;If a person plays optimally, he will win;0.011;;If a person plays optimally, he will win;0
23;23;If a person plays optimally, he will win;0.011;;If a person plays optimally, he will win;0.002
24;2;If a person plays optimally, he will win;0.012;;If a person plays optimally, he will win;0
24;3;If a person plays optimally, he will win;0.021;;If a person plays optimally, he will win;0
24;4;If a person plays optimally, he will win;0.015;;If a person plays optimally, he will win;0
24;5;If a person plays optimally, he will win;0.02;;If a person plays optimally, he will win;0
24;6;If a person plays optimally, he will win;0.014;;If a person plays optimally, he will win;0
24;7;If a person plays optimally, he will win;0.015;;If a person plays optimally, he will win;0
24;8;If a person plays optimally, he will win;0.026;;If a person plays optimally, he will win;0
24;9;If a person plays optimally, he will win;0.02;;If a person plays optimally, he will win;0
24;10;If a person plays optimally, he will win;0.017;;If a person plays optimally, he will win;0
24;11;If a person plays optimally, he will win;0.019;;If a person plays optimally, he will win;0
24;12;If a person plays optimally, he will win;0.015;;If a person plays optimally, he will win;0
24;13;If a person plays optimally, he will win;0.017;;If a person plays optimally, he will win;0
24;14;If a person plays optimally, he will win;0.022;;If a person plays optimally, he will win;0
24;15;If a person plays optimally, he will win;0.016;;If a person plays optimally, he will win;0
24;16;If a person plays optimally, he will win;0.017;;If a person plays optimally, he will win;0.001
24;17;If a person plays optimally, he will win;0.017;;If a person plays optimally, he will win;0
24;18;If a person plays optimally, he will win;0.02;;If a person plays optimally, he will win;0.001
24;19;If a person plays optimally, he will win;0.016;;If a person plays optimally, he will win;0
24;20;If a person plays optimally, he will win;0.022;;If a person plays optimally, he will win;0
24;21;If a person plays optimally, he will win;0.018;;If a person plays optimally, he will win;0
24;22;If a person plays optimally, he will win;0.022;;If a person plays optimally, he will win;0
24;23;If a person plays optimally, he will win;0.017;;If a person plays optimally, he will win;0.001
24;24;If a person plays optimally, he will win;0;;If a person plays optimally, he will win;0.002
25;2;The computer win;0.018;;The computer win;0
25;3;The computer win;0.032;;The computer win;0
25;4;The computer win;0.025;;The computer win;0
25;5;If a person plays optimally, he will win;0.035;;If a person plays optimally, he will win;0
25;6;If a person plays optimally, he will win;0.028;;If a person plays optimally, he will win;0
25;7;If a person plays optimally, he will win;0.031;;If a person plays optimally, he will win;0
25;8;If a person plays optimally, he will win;0.03;;If a person plays optimally, he will win;0
25;9;If a person plays optimally, he will win;0.029;;If a person plays optimally, he will win;0
25;10;If a person plays optimally, he will win;0.034;;If a person plays optimally, he will win;0
25;11;If a person plays optimally, he will win;0.028;;If a person plays optimally, he will win;0
25;12;If a person plays optimally, he will win;0.031;;If a person plays optimally, he will win;0
25;13;If a person plays optimally, he will win;0.033;;If a person plays optimally, he will win;0.001
25;14;If a person plays optimally, he will win;0.027;;If a person plays optimally, he will win;0
25;15;If a person plays optimally, he will win;0.03;;If a person plays optimally, he will win;0
25;16;If a person plays optimally, he will win;0.05;;If a person plays optimally, he will win;0
25;17;If a person plays optimally, he will win;0.036;;If a person plays optimally, he will win;0
25;18;If a person plays optimally, he will win;0.062;;If a person plays optimally, he will win;0.001
25;19;If a person plays optimally, he will win;0.062;;If a person plays optimally, he will win;0.001
25;20;If a person plays optimally, he will win;0.051;;If a person plays optimally, he will win;0
25;21;If a person plays optimally, he will win;0.04;;If a person plays optimally, he will win;0
25;22;If a person plays optimally, he will win;0.038;;If a person plays optimally, he will win;0.001
25;23;If a person plays optimally, he will win;0.033;;If a person plays optimally, he will win;0
25;24;If a person plays optimally, he will win;0.029;;If a person plays optimally, he will win;0
25;25;If a person plays optimally, he will win;0.029;;If a person plays optimally, he will win;0.001
26;2;If a person plays optimally, he will win;0.03;;If a person plays optimally, he will win;0
26;3;If a person plays optimally, he will win;0.037;;If a person plays optimally, he will win;0
26;4;If a person plays optimally, he will win;0.049;;If a person plays optimally, he will win;0
26;5;If a person plays optimally, he will win;0.055;;If a person plays optimally, he will win;0
26;6;If a person plays optimally, he will win;0.049;;If a person plays optimally, he will win;0
26;7;If a person plays optimally, he will win;0.052;;If a person plays optimally, he will win;0
26;8;If a person plays optimally, he will win;0.05;;If a person plays optimally, he will win;0
26;9;If a person plays optimally, he will win;0.048;;If a person plays optimally, he will win;0
26;10;If a person plays optimally, he will win;0.047;;If a person plays optimally, he will win;0
26;11;If a person plays optimally, he will win;0.053;;If a person plays optimally, he will win;0
26;12;If a person plays optimally, he will win;0.053;;If a person plays optimally, he will win;0
26;13;If a person plays optimally, he will win;0.048;;If a person plays optimally, he will win;0
26;14;If a person plays optimally, he will win;0.045;;If a person plays optimally, he will win;0
26;15;If a person plays optimally, he will win;0.045;;If a person plays optimally, he will win;0
26;16;If a person plays optimally, he will win;0.054;;If a person plays optimally, he will win;0
26;17;If a person plays optimally, he will win;0.05;;If a person plays optimally, he will win;0
26;18;If a person plays optimally, he will win;0.048;;If a person plays optimally, he will win;0
26;19;If a person plays optimally, he will win;0.048;;If a person plays optimally, he will win;0
26;20;If a person plays optimally, he will win;0.045;;If a person plays optimally, he will win;0
26;21;If a person plays optimally, he will win;0.047;;If a person plays optimally, he will win;0
26;22;If a person plays optimally, he will win;0.048;;If a person plays optimally, he will win;0.001
26;23;If a person plays optimally, he will win;0.052;;If a person plays optimally, he will win;0
26;24;If a person plays optimally, he will win;0.051;;If a person plays optimally, he will win;0
26;25;If a person plays optimally, he will win;0.047;;If a person plays optimally, he will win;0
26;26;If a person plays optimally, he will win;0.047;;If a person plays optimally, he will win;0.001
27;2;If a person plays optimally, he will win;0.077;;The computer win;0
27;3;If a person plays optimally, he will win;0.075;;If a person plays optimally, he will win;0
27;4;If a person plays optimally, he will win;0.077;;If a person plays optimally, he will win;0
27;5;If a person plays optimally, he will win;0.076;;If a person plays optimally, he will win;0
27;6;If a person plays optimally, he will win;0.078;;If a person plays optimally, he will win;0
27;7;If a person plays optimally, he will win;0.079;;If a person plays optimally, he will win;0
27;8;If a person plays optimally, he will win;0.08;;If a person plays optimally, he will win;0
27;9;If a person plays optimally, he will win;0.084;;If a person plays optimally, he will win;0
27;10;If a person plays optimally, he will win;0.081;;If a person plays optimally, he will win;0
27;11;If a person plays optimally, he will win;0.082;;If a person plays optimally, he will win;0
27;12;If a person plays optimally, he will win;0.084;;If a person plays optimally, he will win;0
27;13;If a person plays optimally, he will win;0.088;;If a person plays optimally, he will win;0
27;14;If a person plays optimally, he will win;0.08;;If a person plays optimally, he will win;0
27;15;If a person plays optimally, he will win;0.079;;If a person plays optimally, he will win;0
27;16;If a person plays optimally, he will win;0.084;;If a person plays optimally, he will win;0
27;17;If a person plays optimally, he will win;0.079;;If a person plays optimally, he will win;0.001
27;18;If a person plays optimally, he will win;0.082;;If a person plays optimally, he will win;0
27;19;If a person plays optimally, he will win;0.082;;If a person plays optimally, he will win;0
27;20;If a person plays optimally, he will win;0.081;;If a person plays optimally, he will win;0.001
27;21;If a person plays optimally, he will win;0.081;;If a person plays optimally, he will win;0
27;22;If a person plays optimally, he will win;0.08;;If a person plays optimally, he will win;0.001
27;23;If a person plays optimally, he will win;0.082;;If a person plays optimally, he will win;0
27;24;If a person plays optimally, he will win;0.091;;If a person plays optimally, he will win;0
27;25;If a person plays optimally, he will win;0.08;;If a person plays optimally, he will win;0
27;26;If a person plays optimally, he will win;0.082;;If a person plays optimally, he will win;0.001
27;27;If a person plays optimally, he will win;0.082;;If a person plays optimally, he will win;0.001
28;2;The computer win;0.087;;The computer win;0
28;3;If a person plays optimally, he will win;0.103;;If a person plays optimally, he will win;0
28;4;If a person plays optimally, he will win;0.133;;If a person plays optimally, he will win;0
28;5;If a person plays optimally, he will win;0.167;;If a person plays optimally, he will win;0
28;6;If a person plays optimally, he will win;0.137;;If a person plays optimally, he will win;0
28;7;If a person plays optimally, he will win;0.144;;If a person plays optimally, he will win;0
28;8;If a person plays optimally, he will win;0.141;;If a person plays optimally, he will win;0
28;9;If a person plays optimally, he will win;0.135;;If a person plays optimally, he will win;0
28;10;If a person plays optimally, he will win;0.135;;If a person plays optimally, he will win;0.001
28;11;If a person plays optimally, he will win;0.134;;If a person plays optimally, he will win;0
28;12;If a person plays optimally, he will win;0.137;;If a person plays optimally, he will win;0
28;13;If a person plays optimally, he will win;0.142;;If a person plays optimally, he will win;0
28;14;If a person plays optimally, he will win;0.14;;If a person plays optimally, he will win;0
28;15;If a person plays optimally, he will win;0.139;;If a person plays optimally, he will win;0
28;16;If a person plays optimally, he will win;0.139;;If a person plays optimally, he will win;0
28;17;If a person plays optimally, he will win;0.138;;If a person plays optimally, he will win;0
28;18;If a person plays optimally, he will win;0.14;;If a person plays optimally, he will win;0
28;19;If a person plays optimally, he will win;0.141;;If a person plays optimally, he will win;0
28;20;If a person plays optimally, he will win;0.139;;If a person plays optimally, he will win;0
28;21;If a person plays optimally, he will win;0.139;;If a person plays optimally, he will win;0
28;22;If a person plays optimally, he will win;0.137;;If a person plays optimally, he will win;0
28;23;If a person plays optimally, he will win;0.135;;If a person plays optimally, he will win;0.001
28;24;If a person plays optimally, he will win;0.136;;If a person plays optimally, he will win;0.001
28;25;If a person plays optimally, he will win;0.14;;If a person plays optimally, he will win;0
28;26;If a person plays optimally, he will win;0.147;;If a person plays optimally, he will win;0
28;27;If a person plays optimally, he will win;0.144;;If a person plays optimally, he will win;0
28;28;If a person plays optimally, he will win;0;;If a person plays optimally, he will win;0.001
29;2;The computer win;0.154;;The computer win;0
29;3;The computer win;0.203;;The computer win;0
29;4;If a person plays optimally, he will win;0.288;;If a person plays optimally, he will win;0
29;5;If a person plays optimally, he will win;0.294;;If a person plays optimally, he will win;0
29;6;If a person plays optimally, he will win;0.347;;If a person plays optimally, he will win;0
29;7;If a person plays optimally, he will win;0.296;;If a person plays optimally, he will win;0
29;8;If a person plays optimally, he will win;0.281;;If a person plays optimally, he will win;0
29;9;If a person plays optimally, he will win;0.252;;If a person plays optimally, he will win;0
29;10;If a person plays optimally, he will win;0.258;;If a person plays optimally, he will win;0
29;11;If a person plays optimally, he will win;0.265;;If a person plays optimally, he will win;0
29;12;If a person plays optimally, he will win;0.262;;If a person plays optimally, he will win;0
29;13;If a person plays optimally, he will win;0.252;;If a person plays optimally, he will win;0
29;14;If a person plays optimally, he will win;0.255;;If a person plays optimally, he will win;0
29;15;If a person plays optimally, he will win;0.261;;If a person plays optimally, he will win;0
29;16;If a person plays optimally, he will win;0.253;;If a person plays optimally, he will win;0
29;17;If a person plays optimally, he will win;0.268;;If a person plays optimally, he will win;0.001
29;18;If a person plays optimally, he will win;0.26;;If a person plays optimally, he will win;0.001
29;19;If a person plays optimally, he will win;0.259;;If a person plays optimally, he will win;0
29;20;If a person plays optimally, he will win;0.266;;If a person plays optimally, he will win;0
29;21;If a person plays optimally, he will win;0.293;;If a person plays optimally, he will win;0
29;22;If a person plays optimally, he will win;0.294;;If a person plays optimally, he will win;0
29;23;If a person plays optimally, he will win;0.309;;If a person plays optimally, he will win;0
29;24;If a person plays optimally, he will win;0.266;;If a person plays optimally, he will win;0
29;25;If a person plays optimally, he will win;0.266;;If a person plays optimally, he will win;0.001
29;26;If a person plays optimally, he will win;0.255;;If a person plays optimally, he will win;0
29;27;If a person plays optimally, he will win;0.258;;If a person plays optimally, he will win;0
29;28;If a person plays optimally, he will win;0.259;;If a person plays optimally, he will win;0.001
29;29;If a person plays optimally, he will win;0.259;;If a person plays optimally, he will win;0
30;2;The computer win;0.275;;The computer win;0
30;3;The computer win;0.341;;The computer win;0
30;4;The computer win;0.387;;The computer win;0
30;5;The computer win;0.413;;The computer win;0
30;6;The computer win;0.453;;The computer win;0
30;7;The computer win;0.459;;The computer win;0
30;8;The computer win;0.439;;The computer win;0.002
30;9;The computer win;0.482;;The computer win;0
30;10;If a person plays optimally, he will win;0.479;;If a person plays optimally, he will win;0
30;11;If a person plays optimally, he will win;0.448;;If a person plays optimally, he will win;0
30;12;If a person plays optimally, he will win;0.437;;If a person plays optimally, he will win;0
30;13;If a person plays optimally, he will win;0.438;;If a person plays optimally, he will win;0
30;14;If a person plays optimally, he will win;0.436;;If a person plays optimally, he will win;0
30;15;If a person plays optimally, he will win;0.447;;If a person plays optimally, he will win;0.001
30;16;If a person plays optimally, he will win;0.451;;If a person plays optimally, he will win;0
30;17;If a person plays optimally, he will win;0.439;;If a person plays optimally, he will win;0
30;18;If a person plays optimally, he will win;0.464;;If a person plays optimally, he will win;0
30;19;If a person plays optimally, he will win;0.493;;If a person plays optimally, he will win;0
30;20;If a person plays optimally, he will win;0.517;;If a person plays optimally, he will win;0.001
30;21;If a person plays optimally, he will win;0.461;;If a person plays optimally, he will win;0
30;22;If a person plays optimally, he will win;0.448;;If a person plays optimally, he will win;0.001
30;23;If a person plays optimally, he will win;0.468;;If a person plays optimally, he will win;0
30;24;If a person plays optimally, he will win;0.5;;If a person plays optimally, he will win;0
30;25;If a person plays optimally, he will win;0.438;;If a person plays optimally, he will win;0.001
30;26;If a person plays optimally, he will win;0.489;;If a person plays optimally, he will win;0
30;27;If a person plays optimally, he will win;0.445;;If a person plays optimally, he will win;0
30;28;If a person plays optimally, he will win;0.449;;If a person plays optimally, he will win;0.001
30;29;If a person plays optimally, he will win;0.482;;If a person plays optimally, he will win;0
30;30;If a person plays optimally, he will win;0.482;;If a person plays optimally, he will win;0.002
31;2;If a person plays optimally, he will win;0.475;;The computer win;0
31;3;If a person plays optimally, he will win;0.582;;If a person plays optimally, he will win;0
31;4;If a person plays optimally, he will win;0.662;;If a person plays optimally, he will win;0
31;5;If a person plays optimally, he will win;0.713;;If a person plays optimally, he will win;0
31;6;If a person plays optimally, he will win;0.741;;If a person plays optimally, he will win;0
31;7;If a person plays optimally, he will win;0.781;;If a person plays optimally, he will win;0
31;8;If a person plays optimally, he will win;0.799;;If a person plays optimally, he will win;0
31;9;If a person plays optimally, he will win;0.898;;If a person plays optimally, he will win;0
31;10;If a person plays optimally, he will win;0.751;;If a person plays optimally, he will win;0
31;11;If a person plays optimally, he will win;0.765;;If a person plays optimally, he will win;0
31;12;If a person plays optimally, he will win;0.75;;If a person plays optimally, he will win;0
31;13;If a person plays optimally, he will win;0.747;;If a person plays optimally, he will win;0
31;14;If a person plays optimally, he will win;0.817;;If a person plays optimally, he will win;0
31;15;If a person plays optimally, he will win;0.839;;If a person plays optimally, he will win;0
31;16;If a person plays optimally, he will win;0.785;;If a person plays optimally, he will win;0
31;17;If a person plays optimally, he will win;0.772;;If a person plays optimally, he will win;0
31;18;If a person plays optimally, he will win;0.797;;If a person plays optimally, he will win;0
31;19;If a person plays optimally, he will win;0.815;;If a person plays optimally, he will win;0
31;20;If a person plays optimally, he will win;0.809;;If a person plays optimally, he will win;0
31;21;If a person plays optimally, he will win;0.828;;If a person plays optimally, he will win;0
31;22;If a person plays optimally, he will win;0.77;;If a person plays optimally, he will win;0
31;23;If a person plays optimally, he will win;0.812;;If a person plays optimally, he will win;0.001
31;24;If a person plays optimally, he will win;0.794;;If a person plays optimally, he will win;0.001
31;25;If a person plays optimally, he will win;0.781;;If a person plays optimally, he will win;0.001
31;26;If a person plays optimally, he will win;0.901;;If a person plays optimally, he will win;0
31;27;If a person plays optimally, he will win;0.926;;If a person plays optimally, he will win;0.001
31;28;If a person plays optimally, he will win;0.798;;If a person plays optimally, he will win;0
31;29;If a person plays optimally, he will win;0.85;;If a person plays optimally, he will win;0.001
31;30;If a person plays optimally, he will win;0.768;;If a person plays optimally, he will win;0.002
31;31;If a person plays optimally, he will win;0.768;;If a person plays optimally, he will win;0.006
32;2;If a person plays optimally, he will win;0.793;;If a person plays optimally, he will win;0.001
32;3;If a person plays optimally, he will win;1.097;;The computer win;0
32;4;If a person plays optimally, he will win;1.158;;If a person plays optimally, he will win;0
32;5;If a person plays optimally, he will win;1.252;;If a person plays optimally, he will win;0
32;6;If a person plays optimally, he will win;1.272;;If a person plays optimally, he will win;0
32;7;If a person plays optimally, he will win;1.445;;If a person plays optimally, he will win;0
32;8;If a person plays optimally, he will win;1.318;;If a person plays optimally, he will win;0
32;9;If a person plays optimally, he will win;1.322;;If a person plays optimally, he will win;0
32;10;If a person plays optimally, he will win;1.322;;If a person plays optimally, he will win;0.001
32;11;If a person plays optimally, he will win;1.415;;If a person plays optimally, he will win;0
32;12;If a person plays optimally, he will win;1.381;;If a person plays optimally, he will win;0.001
32;13;If a person plays optimally, he will win;1.368;;If a person plays optimally, he will win;0
32;14;If a person plays optimally, he will win;1.974;;If a person plays optimally, he will win;0
32;15;If a person plays optimally, he will win;1.915;;If a person plays optimally, he will win;0.001
32;16;If a person plays optimally, he will win;2.342;;If a person plays optimally, he will win;0.001
32;17;If a person plays optimally, he will win;2.103;;If a person plays optimally, he will win;0
32;18;If a person plays optimally, he will win;1.651;;If a person plays optimally, he will win;0
32;19;If a person plays optimally, he will win;1.733;;If a person plays optimally, he will win;0
32;20;If a person plays optimally, he will win;1.604;;If a person plays optimally, he will win;0
32;21;If a person plays optimally, he will win;1.489;;If a person plays optimally, he will win;0.001
32;22;If a person plays optimally, he will win;1.434;;If a person plays optimally, he will win;0
32;23;If a person plays optimally, he will win;1.343;;If a person plays optimally, he will win;0.001
32;24;If a person plays optimally, he will win;1.556;;If a person plays optimally, he will win;0.001
32;25;If a person plays optimally, he will win;2.162;;If a person plays optimally, he will win;0.001
32;26;If a person plays optimally, he will win;1.915;;If a person plays optimally, he will win;0.002
32;27;If a person plays optimally, he will win;1.831;;If a person plays optimally, he will win;0.001
32;28;If a person plays optimally, he will win;1.676;;If a person plays optimally, he will win;0
32;29;If a person plays optimally, he will win;1.659;;If a person plays optimally, he will win;0
32;30;If a person plays optimally, he will win;1.682;;If a person plays optimally, he will win;0.001
32;31;If a person plays optimally, he will win;1.921;;If a person plays optimally, he will win;0
32;32;If a person plays optimally, he will win;1.921;;If a person plays optimally, he will win;0.001
33;2;The computer win;2.158;;The computer win;0
33;3;If a person plays optimally, he will win;3.452;;If a person plays optimally, he will win;0
33;4;If a person plays optimally, he will win;2.403;;If a person plays optimally, he will win;0
33;5;If a person plays optimally, he will win;2.224;;If a person plays optimally, he will win;0
33;6;If a person plays optimally, he will win;2.247;;If a person plays optimally, he will win;0
33;7;If a person plays optimally, he will win;2.205;;If a person plays optimally, he will win;0
33;8;If a person plays optimally, he will win;2.299;;If a person plays optimally, he will win;0
33;9;If a person plays optimally, he will win;2.484;;If a person plays optimally, he will win;0
33;10;If a person plays optimally, he will win;2.734;;If a person plays optimally, he will win;0
33;11;If a person plays optimally, he will win;2.508;;If a person plays optimally, he will win;0
33;12;If a person plays optimally, he will win;2.499;;If a person plays optimally, he will win;0
33;13;If a person plays optimally, he will win;2.447;;If a person plays optimally, he will win;0.001
33;14;If a person plays optimally, he will win;2.632;;If a person plays optimally, he will win;0
33;15;If a person plays optimally, he will win;2.394;;If a person plays optimally, he will win;0
33;16;If a person plays optimally, he will win;2.659;;If a person plays optimally, he will win;0
33;17;If a person plays optimally, he will win;2.729;;If a person plays optimally, he will win;0
33;18;If a person plays optimally, he will win;3.051;;If a person plays optimally, he will win;0
33;19;If a person plays optimally, he will win;2.703;;If a person plays optimally, he will win;0.001
33;20;If a person plays optimally, he will win;3.335;;If a person plays optimally, he will win;0.001
33;21;If a person plays optimally, he will win;4.317;;If a person plays optimally, he will win;0
33;22;If a person plays optimally, he will win;3.456;;If a person plays optimally, he will win;0.006
33;23;If a person plays optimally, he will win;3.443;;If a person plays optimally, he will win;0
33;24;If a person plays optimally, he will win;2.911;;If a person plays optimally, he will win;0
33;25;If a person plays optimally, he will win;2.886;;If a person plays optimally, he will win;0
33;26;If a person plays optimally, he will win;2.644;;If a person plays optimally, he will win;0.001
33;27;If a person plays optimally, he will win;3.102;;If a person plays optimally, he will win;0
33;28;If a person plays optimally, he will win;3.902;;If a person plays optimally, he will win;0.001
33;29;If a person plays optimally, he will win;2.641;;If a person plays optimally, he will win;0
33;30;If a person plays optimally, he will win;2.463;;If a person plays optimally, he will win;0.001
33;31;If a person plays optimally, he will win;2.494;;If a person plays optimally, he will win;0.001
33;32;If a person plays optimally, he will win;2.323;;If a person plays optimally, he will win;0.001
33;33;If a person plays optimally, he will win;2.323;;If a person plays optimally, he will win;0.001
34;2;If a person plays optimally, he will win;3.287;;If a person plays optimally, he will win;0
34;3;If a person plays optimally, he will win;3.287;;If a person plays optimally, he will win;0
34;4;If a person plays optimally, he will win;4.469;;If a person plays optimally, he will win;0
34;5;If a person plays optimally, he will win;5.006;;If a person plays optimally, he will win;0
34;6;If a person plays optimally, he will win;3.837;;If a person plays optimally, he will win;0
34;7;If a person plays optimally, he will win;3.984;;If a person plays optimally, he will win;0
34;8;If a person plays optimally, he will win;3.984;;If a person plays optimally, he will win;0
34;9;If a person plays optimally, he will win;4.151;;If a person plays optimally, he will win;0
34;10;If a person plays optimally, he will win;3.971;;If a person plays optimally, he will win;0
34;11;If a person plays optimally, he will win;4.517;;If a person plays optimally, he will win;0.001
34;12;If a person plays optimally, he will win;4.517;;If a person plays optimally, he will win;0
34;13;If a person plays optimally, he will win;4.371;;If a person plays optimally, he will win;0
34;14;If a person plays optimally, he will win;4.371;;If a person plays optimally, he will win;0
34;15;If a person plays optimally, he will win;4.311;;If a person plays optimally, he will win;0
